tsn,vol,pde,pde_err,ov
11675,48,0.16665294007298867,0.004515136161407773,0.8948879319863039
11675,50,0.353803861960284,0.008070969646140926,2.894887931986304
11675,51,0.42835771842295717,0.009602402202768897,3.894887931986304
11675,52,0.4549046336026426,0.010154641037217856,4.894887931986304
11675,53,0.47440149026302486,0.010536078441709356,5.894887931986304
