tsn,vol,pde,pde_err,ov
11169,49,0.3179269512364601,0.00738761297418482,1.8744769874477072
11169,50,0.39804747488035264,0.00897053831717888,2.874476987447707
11169,51,0.45202469201567785,0.010055938192543974,3.874476987447707
11169,52,0.4743615071610441,0.01049755442262528,4.874476987447707
11169,53,0.49782689191450746,0.010989067582157336,5.874476987447707
