tsn,vol,pde,pde_err,ov
11166,48,0.26916757771431543,0.0064368944677832725,1.5098954391276251
11166,49,0.37282205946563507,0.008848756290472297,2.509895439127625
11166,50,0.4427797154407306,0.009912154537042604,3.509895439127625
11166,51,0.4786456720875824,0.010635499573985161,4.509895439127625
11166,52,0.4943918031613369,0.010902630364729224,5.509895439127625
11166,53,0.5203971708488514,0.011425065636114652,6.509895439127625
