tsn,vol,pde,pde_err,ov
11165,48,0.23545789264789815,0.005810107919981559,1.2376561239533785
11165,49,0.36003662096562467,0.008206299830840636,2.2376561239533785
11165,50,0.42444564062800477,0.009494442271024158,3.2376561239533785
11165,51,0.47359288279333384,0.010550091842150848,4.2376561239533785
11165,52,0.49469611597951024,0.010900748969470093,5.2376561239533785
11165,53,0.5165574390809605,0.011346383748107083,6.2376561239533785
